slim_id	slim_name	entrez_gene_id	Gene	direction
DOID:1324	lung cancer	10970	CKAP4	up
DOID:1324	lung cancer	10978	CLP1	up
DOID:1324	lung cancer	114625	ERMAP	down
DOID:1324	lung cancer	10924	SMPDL3A	up
DOID:1324	lung cancer	10929	SRSF8	up
DOID:1324	lung cancer	25878	MXRA5	up
DOID:1324	lung cancer	23531	MMD	up
DOID:1324	lung cancer	10855	HPSE	up
DOID:1324	lung cancer	32	ACACB	down
DOID:1324	lung cancer	59	ACTA2	up
DOID:1324	lung cancer	52	ACP1	up
DOID:1324	lung cancer	53	ACP2	up
DOID:1324	lung cancer	97	ACYP1	down
DOID:1324	lung cancer	10766	TOB2	down
DOID:1324	lung cancer	10775	POP4	up
DOID:1324	lung cancer	23780	APOL2	down
DOID:1324	lung cancer	10653	SPINT2	up
DOID:1324	lung cancer	10631	POSTN	up
DOID:1324	lung cancer	25975	EGFL6	up
DOID:1324	lung cancer	25970	SH2B1	down
DOID:1324	lung cancer	25996	REXO2	up
DOID:1324	lung cancer	81602	CDADC1	down
DOID:1324	lung cancer	81671	VMP1	up
DOID:1324	lung cancer	23209	MLC1	down
DOID:1324	lung cancer	23213	SULF1	up
DOID:1324	lung cancer	7070	THY1	up
DOID:1324	lung cancer	7076	TIMP1	up
DOID:1324	lung cancer	81563	C1orf21	down
DOID:1324	lung cancer	7058	THBS2	up
DOID:1324	lung cancer	84939	MUM1	down
DOID:1324	lung cancer	7148	TNXB	down
DOID:1324	lung cancer	7139	TNNT2	down
DOID:1324	lung cancer	7153	TOP2A	up
DOID:1324	lung cancer	81533	ITFG1	up
DOID:1324	lung cancer	23235	SIK2	down
DOID:1324	lung cancer	79814	AGMAT	up
DOID:1324	lung cancer	79813	EHMT1	down
DOID:1324	lung cancer	10096	ACTR3	up
DOID:1324	lung cancer	8241	RBM10	down
DOID:1324	lung cancer	79852	EPHX3	up
DOID:1324	lung cancer	2117	ETV3	down
DOID:1324	lung cancer	2145	EZH1	down
DOID:1324	lung cancer	55030	FBXO34	up
DOID:1324	lung cancer	11140	CDC37	down
DOID:1324	lung cancer	2191	FAP	up
DOID:1324	lung cancer	11187	PKP3	up
DOID:1324	lung cancer	9789	SPCS2	up
DOID:1324	lung cancer	11226	GALNT6	up
DOID:1324	lung cancer	10147	SUGP2	down
DOID:1324	lung cancer	10127	ZNF263	down
DOID:1324	lung cancer	2214	FCGR3A	up
DOID:1324	lung cancer	8100	IFT88	down
DOID:1324	lung cancer	2247	FGF2	down
DOID:1324	lung cancer	11015	KDELR3	up
DOID:1324	lung cancer	9650	MTFR1	up
DOID:1324	lung cancer	2273	FHL1	down
DOID:1324	lung cancer	11040	PIM2	up
DOID:1324	lung cancer	3309	HSPA5	up
DOID:1324	lung cancer	9667	SAFB2	down
DOID:1324	lung cancer	3486	IGFBP3	up
DOID:1324	lung cancer	9551	ATP5J2	up
DOID:1324	lung cancer	8498	RANBP3	down
DOID:1324	lung cancer	9540	TP53I3	up
DOID:1324	lung cancer	50674	NEUROG3	down
DOID:1324	lung cancer	3417	IDH1	up
DOID:1324	lung cancer	9536	PTGES	up
DOID:1324	lung cancer	9528	TMEM59	up
DOID:1324	lung cancer	79661	NEIL1	down
DOID:1324	lung cancer	201163	FLCN	down
DOID:1324	lung cancer	201191	SAMD14	down
DOID:1324	lung cancer	2014	EMP3	down
DOID:1324	lung cancer	2023	ENO1	up
DOID:1324	lung cancer	9470	EIF4E2	up
DOID:1324	lung cancer	9465	AKAP7	down
DOID:1324	lung cancer	79586	CHPF	up
DOID:1324	lung cancer	9447	AIM2	up
DOID:1324	lung cancer	79590	MRPL24	up
DOID:1324	lung cancer	2073	ERCC5	down
DOID:1324	lung cancer	2078	ERG	up
DOID:1324	lung cancer	3559	IL2RA	up
DOID:1324	lung cancer	11267	SNF8	up
DOID:1324	lung cancer	11326	VSIG4	up
DOID:1324	lung cancer	3627	CXCL10	up
DOID:1324	lung cancer	22927	HABP4	down
DOID:1324	lung cancer	284443	ZNF493	down
DOID:1324	lung cancer	91647	ATPAF2	down
DOID:1324	lung cancer	10580	SORBS1	down
DOID:1324	lung cancer	3700	ITIH4	down
DOID:1324	lung cancer	10563	CXCL13	up
DOID:1324	lung cancer	10551	AGR2	up
DOID:1324	lung cancer	10548	TM9SF1	up
DOID:1324	lung cancer	10537	UBD	up
DOID:1324	lung cancer	22948	CCT5	up
DOID:1324	lung cancer	55322	C5orf22	up
DOID:1324	lung cancer	9245	GCNT3	up
DOID:1324	lung cancer	3775	KCNK1	up
DOID:1324	lung cancer	9276	COPB2	up
DOID:1324	lung cancer	91775	NXPE3	down
DOID:1324	lung cancer	10476	ATP5H	up
DOID:1324	lung cancer	10490	VTI1B	up
DOID:1324	lung cancer	78986	DUSP26	down
DOID:1324	lung cancer	55240	STEAP3	up
DOID:1324	lung cancer	54187	NANS	up
DOID:1324	lung cancer	10297	APC2	down
DOID:1324	lung cancer	3880	KRT19	up
DOID:1324	lung cancer	3898	LAD1	up
DOID:1324	lung cancer	3899	AFF3	down
DOID:1324	lung cancer	10284	SAP18	down
DOID:1324	lung cancer	9172	MYOM2	down
DOID:1324	lung cancer	56943	ENY2	up
DOID:1324	lung cancer	56935	C11orf75	up
DOID:1324	lung cancer	9133	CCNB2	up
DOID:1324	lung cancer	10330	CNPY2	up
DOID:1324	lung cancer	22796	COG2	up
DOID:1324	lung cancer	3934	LCN2	up
DOID:1324	lung cancer	10389	SCML2	down
DOID:1324	lung cancer	10371	SEMA3A	up
DOID:1324	lung cancer	84243	ZDHHC18	up
DOID:1324	lung cancer	84253	GARNL3	down
DOID:1324	lung cancer	3149	HMGB3	up
DOID:1324	lung cancer	10190	TXNDC9	up
DOID:1324	lung cancer	283232	TMEM80	down
DOID:1324	lung cancer	79954	NOL10	down
DOID:1324	lung cancer	3182	HNRNPAB	up
DOID:1324	lung cancer	9013	TAF1C	down
DOID:1324	lung cancer	9019	MPZL1	up
DOID:1324	lung cancer	3169	FOXA1	up
DOID:1324	lung cancer	79933	SYNPO2L	down
DOID:1324	lung cancer	10243	GPHN	down
DOID:1324	lung cancer	10245	TIMM17B	up
DOID:1324	lung cancer	10237	SLC35B1	up
DOID:1324	lung cancer	114049	WBSCR22	up
DOID:1324	lung cancer	1824	DSC2	up
DOID:1324	lung cancer	2958	GTF2A2	up
DOID:1324	lung cancer	6881	TAF10	up
DOID:1324	lung cancer	6886	TAL1	down
DOID:1324	lung cancer	1836	SLC26A2	down
DOID:1324	lung cancer	2900	GRIK4	down
DOID:1324	lung cancer	56649	TMPRSS4	up
DOID:1324	lung cancer	55737	VPS35	up
DOID:1324	lung cancer	4680	CEACAM6	up
DOID:1324	lung cancer	55765	C1orf106	up
DOID:1324	lung cancer	55766	H2AFJ	down
DOID:1324	lung cancer	596	BCL2	down
DOID:1324	lung cancer	57716	PRX	down
DOID:1324	lung cancer	51371	POMP	up
DOID:1324	lung cancer	6768	ST14	up
DOID:1324	lung cancer	51397	COMMD10	up
DOID:1324	lung cancer	6748	SSR4	up
DOID:1324	lung cancer	2823	GPM6A	down
DOID:1324	lung cancer	438	ASMT	down
DOID:1324	lung cancer	2889	RAPGEF1	down
DOID:1324	lung cancer	2877	GPX2	up
DOID:1324	lung cancer	2810	SFN	up
DOID:1324	lung cancer	51303	FKBP11	up
DOID:1324	lung cancer	51306	FAM13B	down
DOID:1324	lung cancer	51290	ERGIC2	up
DOID:1324	lung cancer	51297	BPIFA1	up
DOID:1324	lung cancer	4940	OAS3	up
DOID:1324	lung cancer	1594	CYP27B1	up
DOID:1324	lung cancer	4858	NOVA2	down
DOID:1324	lung cancer	4857	NOVA1	up
DOID:1324	lung cancer	124565	SLC38A10	up
DOID:1324	lung cancer	51193	ZNF639	down
DOID:1324	lung cancer	226	ALDOA	up
DOID:1324	lung cancer	229	ALDOB	up
DOID:1324	lung cancer	51185	CRBN	down
DOID:1324	lung cancer	5918	RARRES1	up
DOID:1324	lung cancer	54502	RBM47	up
DOID:1324	lung cancer	6999	TDO2	up
DOID:1324	lung cancer	1513	CTSK	up
DOID:1324	lung cancer	1508	CTSB	up
DOID:1324	lung cancer	6939	TCF15	down
DOID:1324	lung cancer	1545	CYP1B1	up
DOID:1324	lung cancer	6919	TCEA2	down
DOID:1324	lung cancer	1476	CSTB	up
DOID:1324	lung cancer	1478	CSTF2	up
DOID:1324	lung cancer	1460	CSNK2B	up
DOID:1324	lung cancer	1462	VCAN	up
DOID:1324	lung cancer	4780	NFE2L2	up
DOID:1324	lung cancer	55679	LIMS2	down
DOID:1324	lung cancer	51107	APH1A	up
DOID:1324	lung cancer	5828	PEX2	up
DOID:1324	lung cancer	952	CD38	up
DOID:1324	lung cancer	4298	MLLT1	down
DOID:1324	lung cancer	2517	FUCA1	up
DOID:1324	lung cancer	2525	FUT3	up
DOID:1324	lung cancer	2524	FUT2	up
DOID:1324	lung cancer	5701	PSMC2	up
DOID:1324	lung cancer	64112	MOAP1	down
DOID:1324	lung cancer	8528	DDO	down
DOID:1324	lung cancer	1382	CRABP2	up
DOID:1324	lung cancer	8558	CDK10	down
DOID:1324	lung cancer	8573	CASK	up
DOID:1324	lung cancer	1364	CLDN4	up
DOID:1324	lung cancer	5798	PTPRN	up
DOID:1324	lung cancer	1362	CPD	up
DOID:1324	lung cancer	1356	CP	up
DOID:1324	lung cancer	805	CALM2	up
DOID:1324	lung cancer	1315	COPB1	up
DOID:1324	lung cancer	811	CALR	up
DOID:1324	lung cancer	1301	COL11A1	up
DOID:1324	lung cancer	1300	COL10A1	up
DOID:1324	lung cancer	8612	PPAP2C	up
DOID:1324	lung cancer	4194	MDM4	down
DOID:1324	lung cancer	54732	TMED9	up
DOID:1324	lung cancer	4179	CD46	up
DOID:1324	lung cancer	2324	FLT4	down
DOID:1324	lung cancer	4122	MAN2A2	down
DOID:1324	lung cancer	5603	MAPK13	up
DOID:1324	lung cancer	64065	PERP	up
DOID:1324	lung cancer	1290	COL5A2	up
DOID:1324	lung cancer	8678	BECN1	up
DOID:1324	lung cancer	1289	COL5A1	up
DOID:1324	lung cancer	1281	COL3A1	up
DOID:1324	lung cancer	1278	COL1A2	up
DOID:1324	lung cancer	51706	CYB5R1	up
DOID:1324	lung cancer	57402	S100A14	up
DOID:1324	lung cancer	57406	ABHD6	down
DOID:1324	lung cancer	5684	PSMA3	up
DOID:1324	lung cancer	5690	PSMB2	up
DOID:1324	lung cancer	8737	RIPK1	down
DOID:1324	lung cancer	55924	FAM212B	down
DOID:1324	lung cancer	55901	THSD1	down
DOID:1324	lung cancer	790	CAD	up
DOID:1324	lung cancer	783	CACNB2	up
DOID:1324	lung cancer	79048	SECISBP2	down
DOID:1324	lung cancer	780	DDR1	up
DOID:1324	lung cancer	1195	CLK1	down
DOID:1324	lung cancer	1185	CLCN6	down
DOID:1324	lung cancer	54880	BCOR	down
DOID:1324	lung cancer	2673	GFPT1	up
DOID:1324	lung cancer	5521	PPP2R2B	up
DOID:1324	lung cancer	50507	NOX4	up
DOID:1324	lung cancer	608	TNFRSF17	up
DOID:1324	lung cancer	8843	HCAR3	up
DOID:1324	lung cancer	28985	MCTS1	up
DOID:1324	lung cancer	8822	FGF17	down
DOID:1324	lung cancer	688	KLF5	up
DOID:1324	lung cancer	9924	PAN2	down
DOID:1324	lung cancer	2628	GATM	up
DOID:1324	lung cancer	644	BLVRA	up
DOID:1324	lung cancer	79170	PRR15L	up
DOID:1324	lung cancer	9941	EXOG	down
DOID:1324	lung cancer	51599	LSR	up
DOID:1324	lung cancer	51585	PCF11	down
DOID:1324	lung cancer	2593	GAMT	down
DOID:1324	lung cancer	9989	PPP4R1	up
DOID:1324	lung cancer	2563	GABRD	down
DOID:1324	lung cancer	1001	CDH3	up
DOID:1324	lung cancer	5446	PON3	up
DOID:1324	lung cancer	4312	MMP1	up
DOID:1324	lung cancer	4318	MMP9	up
DOID:1324	lung cancer	4316	MMP7	up
DOID:1324	lung cancer	5450	POU2AF1	up
DOID:1324	lung cancer	4321	MMP12	up
DOID:1324	lung cancer	4322	MMP13	up
DOID:1324	lung cancer	4320	MMP11	up
DOID:1324	lung cancer	5431	POLR2B	up
DOID:1324	lung cancer	1048	CEACAM5	up
DOID:1324	lung cancer	7593	MZF1	down
DOID:1324	lung cancer	5328	PLAU	up
DOID:1324	lung cancer	63899	NSUN3	up
DOID:1324	lung cancer	6016	RIT1	up
DOID:1324	lung cancer	63874	ABHD4	up
DOID:1324	lung cancer	80352	RNF39	up
DOID:1324	lung cancer	26146	TRAF3IP1	down
DOID:1324	lung cancer	7520	XRCC5	up
DOID:1324	lung cancer	27301	APEX2	up
DOID:1324	lung cancer	7494	XBP1	up
DOID:1324	lung cancer	5230	PGK1	up
DOID:1324	lung cancer	5214	PFKP	up
DOID:1324	lung cancer	7453	WARS	down
DOID:1324	lung cancer	7444	VRK2	up
DOID:1324	lung cancer	80232	WDR26	up
DOID:1324	lung cancer	27239	GPR162	down
DOID:1324	lung cancer	7351	UCP2	up
DOID:1324	lung cancer	7342	UBP1	down
DOID:1324	lung cancer	7328	UBE2H	up
DOID:1324	lung cancer	80194	TMEM134	up
DOID:1324	lung cancer	4047	LSS	down
DOID:1324	lung cancer	6286	S100P	up
DOID:1324	lung cancer	6210	RPS15A	up
DOID:1324	lung cancer	27102	EIF2AK1	up
DOID:1324	lung cancer	5188	PET112	down
DOID:1324	lung cancer	5194	PEX13	up
DOID:1324	lung cancer	7248	TSC1	down
DOID:1324	lung cancer	27040	LAT	down
DOID:1324	lung cancer	7296	TXNRD1	up
DOID:1324	lung cancer	221472	FGD2	down
DOID:1324	lung cancer	5031	P2RY6	up
DOID:1324	lung cancer	5033	P4HA1	up
DOID:1324	lung cancer	57111	RAB25	up
DOID:1324	lung cancer	7957	EPM2A	down
DOID:1324	lung cancer	266629	SEC14L3	down
DOID:1324	lung cancer	64943	NT5DC2	up
DOID:1324	lung cancer	6363	CCL19	up
DOID:1324	lung cancer	58477	SRPRB	up
DOID:1324	lung cancer	6382	SDC1	up
DOID:1324	lung cancer	6391	SDHC	up
DOID:1324	lung cancer	29880	ALG5	up
DOID:1324	lung cancer	64866	CDCP1	up
DOID:1324	lung cancer	7862	BRPF1	down
DOID:1324	lung cancer	127544	RNF19B	up
DOID:1324	lung cancer	7779	SLC30A1	up
DOID:1324	lung cancer	7756	ZNF207	up
DOID:1324	lung cancer	6692	SPINT1	up
DOID:1324	lung cancer	6696	SPP1	up
DOID:1324	lung cancer	6659	SOX4	up
DOID:1324	lung cancer	6598	SMARCB1	up
DOID:1324	lung cancer	7694	ZNF135	down
DOID:1324	lung cancer	1999	ELF3	up
DOID:1612	breast cancer	23645	PPP1R15A	down
DOID:1612	breast cancer	10966	RAB40B	down
DOID:1612	breast cancer	10982	MAPRE2	down
DOID:1612	breast cancer	10947	AP3M2	up
DOID:1612	breast cancer	10899	JTB	up
DOID:1612	breast cancer	53	ACP2	up
DOID:1612	breast cancer	10797	MTHFD2	up
DOID:1612	breast cancer	10667	FARS2	down
DOID:1612	breast cancer	23710	GABARAPL1	down
DOID:1612	breast cancer	23213	SULF1	up
DOID:1612	breast cancer	81563	C1orf21	down
DOID:1612	breast cancer	7048	TGFBR2	down
DOID:1612	breast cancer	7008	TEF	down
DOID:1612	breast cancer	29102	DROSHA	down
DOID:1612	breast cancer	81792	ADAMTS12	up
DOID:1612	breast cancer	7170	TPM3	down
DOID:1612	breast cancer	23092	ARHGAP26	down
DOID:1612	breast cancer	7111	TMOD1	down
DOID:1612	breast cancer	7150	TOP1	up
DOID:1612	breast cancer	7156	TOP3A	down
DOID:1612	breast cancer	7153	TOP2A	up
DOID:1612	breast cancer	96764	TGS1	up
DOID:1612	breast cancer	23336	SYNM	down
DOID:1612	breast cancer	10053	AP1M2	up
DOID:1612	breast cancer	79877	DCAKD	down
DOID:1612	breast cancer	3200	HOXA3	down
DOID:1612	breast cancer	3221	HOXC4	up
DOID:1612	breast cancer	3226	HOXC10	up
DOID:1612	breast cancer	11235	PDCD10	down
DOID:1612	breast cancer	11080	DNAJB4	down
DOID:1612	breast cancer	79745	CLIP4	down
DOID:1612	breast cancer	2247	FGF2	down
DOID:1612	breast cancer	2273	FHL1	down
DOID:1612	breast cancer	8187	ZNF239	up
DOID:1612	breast cancer	11076	TPPP	down
DOID:1612	breast cancer	192286	HIGD2A	down
DOID:1612	breast cancer	92595	ZNF764	up
DOID:1612	breast cancer	3627	CXCL10	up
DOID:1612	breast cancer	11316	COPE	down
DOID:1612	breast cancer	3679	ITGA7	down
DOID:1612	breast cancer	3654	IRAK1	up
DOID:1612	breast cancer	10580	SORBS1	down
DOID:1612	breast cancer	3705	ITPK1	down
DOID:1612	breast cancer	9276	COPB2	up
DOID:1612	breast cancer	10437	IFI30	up
DOID:1612	breast cancer	55207	ARL8B	up
DOID:1612	breast cancer	9172	MYOM2	down
DOID:1612	breast cancer	56943	ENY2	up
DOID:1612	breast cancer	9133	CCNB2	up
DOID:1612	breast cancer	55128	TRIM68	down
DOID:1612	breast cancer	3131	HLF	up
DOID:1612	breast cancer	131578	LRRC15	up
DOID:1612	breast cancer	3182	HNRNPAB	up
DOID:1612	breast cancer	10209	EIF1	down
DOID:1612	breast cancer	79919	C2orf54	up
DOID:1612	breast cancer	10253	SPRY2	down
DOID:1612	breast cancer	6882	TAF11	up
DOID:1612	breast cancer	2948	GSTM4	down
DOID:1612	breast cancer	1843	DUSP1	down
DOID:1612	breast cancer	582	BBS1	up
DOID:1612	breast cancer	8915	BCL10	up
DOID:1612	breast cancer	8974	P4HA2	up
DOID:1612	breast cancer	55748	CNDP2	up
DOID:1612	breast cancer	65244	SPATS2	up
DOID:1612	breast cancer	4629	MYH11	down
DOID:1612	breast cancer	55775	TDP1	up
DOID:1612	breast cancer	65094	JMJD4	up
DOID:1612	breast cancer	6728	SRP19	down
DOID:1612	breast cancer	341	APOC1	up
DOID:1612	breast cancer	4940	OAS3	up
DOID:1612	breast cancer	5981	RFC1	down
DOID:1612	breast cancer	375	ARF1	up
DOID:1612	breast cancer	216	ALDH1A1	down
DOID:1612	breast cancer	5925	RB1	down
DOID:1612	breast cancer	60685	ZFAND3	up
DOID:1612	breast cancer	6917	TCEA1	up
DOID:1612	breast cancer	274	BIN1	down
DOID:1612	breast cancer	51105	PHF20L1	down
DOID:1612	breast cancer	966	CD59	up
DOID:1612	breast cancer	4204	MECP2	down
DOID:1612	breast cancer	4239	MFAP4	down
DOID:1612	breast cancer	8562	DENR	up
DOID:1612	breast cancer	1301	COL11A1	up
DOID:1612	breast cancer	1300	COL10A1	up
DOID:1612	breast cancer	54732	TMED9	up
DOID:1612	breast cancer	4175	MCM6	up
DOID:1612	breast cancer	2335	FN1	up
DOID:1612	breast cancer	5603	MAPK13	up
DOID:1612	breast cancer	64065	PERP	up
DOID:1612	breast cancer	4141	MARS	down
DOID:1612	breast cancer	1281	COL3A1	up
DOID:1612	breast cancer	1278	COL1A2	up
DOID:1612	breast cancer	5695	PSMB7	up
DOID:1612	breast cancer	1207	CLNS1A	up
DOID:1612	breast cancer	9830	TRIM14	up
DOID:1612	breast cancer	79077	DCTPP1	up
DOID:1612	breast cancer	9871	SEC24D	down
DOID:1612	breast cancer	9877	ZC3H11A	up
DOID:1612	breast cancer	51659	GINS2	up
DOID:1612	breast cancer	8851	CDK5R1	down
DOID:1612	breast cancer	9920	KBTBD11	down
DOID:1612	breast cancer	2618	GART	down
DOID:1612	breast cancer	1072	CFL1	up
DOID:1612	breast cancer	201626	PDE12	down
DOID:1612	breast cancer	26073	POLDIP2	up
DOID:1612	breast cancer	4318	MMP9	up
DOID:1612	breast cancer	64222	TOR3A	up
DOID:1612	breast cancer	8888	MCM3AP	down
DOID:1612	breast cancer	64581	CLEC7A	up
DOID:1612	breast cancer	5311	PKD2	down
DOID:1612	breast cancer	63892	THADA	up
DOID:1612	breast cancer	27333	GOLIM4	down
DOID:1612	breast cancer	7553	ZNF7	up
DOID:1612	breast cancer	27299	ADAMDEC1	up
DOID:1612	breast cancer	7414	VCL	down
DOID:1612	breast cancer	27190	IL17B	down
DOID:1612	breast cancer	5111	PCNA	down
DOID:1612	breast cancer	6236	RRAD	down
DOID:1612	breast cancer	64761	PARP12	up
DOID:1612	breast cancer	81873	ARPC5L	up
DOID:1612	breast cancer	57161	PELI2	down
DOID:1612	breast cancer	5033	P4HA1	up
DOID:1612	breast cancer	5062	PAK2	down
DOID:1612	breast cancer	26521	TIMM8B	up
DOID:1612	breast cancer	7869	SEMA3B	down
DOID:1612	breast cancer	7855	FZD5	down
DOID:1612	breast cancer	103910	MYL12B	down
DOID:1612	breast cancer	1910	EDNRB	up
DOID:1612	breast cancer	1933	EEF1B2	down
DOID:2531	hematologic cancer	25797	QPCT	down
DOID:2531	hematologic cancer	10923	SUB1	up
DOID:2531	hematologic cancer	23468	CBX5	up
DOID:2531	hematologic cancer	10732	TCFL5	up
DOID:2531	hematologic cancer	10788	IQGAP2	up
DOID:2531	hematologic cancer	23774	BRD1	up
DOID:2531	hematologic cancer	25939	SAMHD1	down
DOID:2531	hematologic cancer	7009	TMBIM6	down
DOID:2531	hematologic cancer	23433	RHOQ	down
DOID:2531	hematologic cancer	23385	NCSTN	down
DOID:2531	hematologic cancer	23240	KIAA0922	up
DOID:2531	hematologic cancer	2145	EZH1	up
DOID:2531	hematologic cancer	10130	PDIA6	down
DOID:2531	hematologic cancer	10124	ARL4A	down
DOID:2531	hematologic cancer	8106	PABPN1	up
DOID:2531	hematologic cancer	79762	C1orf115	down
DOID:2531	hematologic cancer	8175	SF3A2	up
DOID:2531	hematologic cancer	9692	KIAA0391	up
DOID:2531	hematologic cancer	79683	ZDHHC14	down
DOID:2531	hematologic cancer	2004	ELK3	up
DOID:2531	hematologic cancer	8349	HIST2H2BE	up
DOID:2531	hematologic cancer	22926	ATF6	down
DOID:2531	hematologic cancer	84061	MAGT1	down
DOID:2531	hematologic cancer	3676	ITGA4	up
DOID:2531	hematologic cancer	9200	PTPLA	up
DOID:2531	hematologic cancer	9214	FAIM3	up
DOID:2531	hematologic cancer	116496	FAM129A	down
DOID:2531	hematologic cancer	3755	KCNG1	down
DOID:2531	hematologic cancer	10483	SEC23B	down
DOID:2531	hematologic cancer	55247	NEIL3	up
DOID:2531	hematologic cancer	9112	MTA1	up
DOID:2531	hematologic cancer	3069	HDLBP	down
DOID:2531	hematologic cancer	3074	HEXB	down
DOID:2531	hematologic cancer	56937	PMEPA1	down
DOID:2531	hematologic cancer	3097	HIVEP2	up
DOID:2531	hematologic cancer	54069	MIS18A	up
DOID:2531	hematologic cancer	10241	CALCOCO2	up
DOID:2531	hematologic cancer	55082	ARGLU1	up
DOID:2531	hematologic cancer	55092	TMEM51	down
DOID:2531	hematologic cancer	1843	DUSP1	up
DOID:2531	hematologic cancer	1847	DUSP5	down
DOID:2531	hematologic cancer	523	ATP6V1A	down
DOID:2531	hematologic cancer	571	BACH1	up
DOID:2531	hematologic cancer	8975	USP13	up
DOID:2531	hematologic cancer	4669	NAGLU	down
DOID:2531	hematologic cancer	51447	IP6K2	up
DOID:2531	hematologic cancer	444	ASPH	down
DOID:2531	hematologic cancer	1777	DNASE2	down
DOID:2531	hematologic cancer	55840	EAF2	up
DOID:2531	hematologic cancer	55858	TMEM165	down
DOID:2531	hematologic cancer	307	ANXA4	down
DOID:2531	hematologic cancer	1606	DGKA	up
DOID:2531	hematologic cancer	4942	OAT	down
DOID:2531	hematologic cancer	55520	ELAC1	up
DOID:2531	hematologic cancer	375	ARF1	up
DOID:2531	hematologic cancer	51176	LEF1	up
DOID:2531	hematologic cancer	51167	CYB5R4	up
DOID:2531	hematologic cancer	214	ALCAM	down
DOID:2531	hematologic cancer	217	ALDH2	down
DOID:2531	hematologic cancer	1523	CUX1	up
DOID:2531	hematologic cancer	1486	CTBS	down
DOID:2531	hematologic cancer	1471	CST3	down
DOID:2531	hematologic cancer	5883	RAD9A	up
DOID:2531	hematologic cancer	939	CD27	up
DOID:2531	hematologic cancer	989	SEPT7	up
DOID:2531	hematologic cancer	8531	CSDA	up
DOID:2531	hematologic cancer	8566	PDXK	down
DOID:2531	hematologic cancer	5799	PTPRN2	down
DOID:2531	hematologic cancer	821	CANX	up
DOID:2531	hematologic cancer	8609	KLF7	up
DOID:2531	hematologic cancer	4174	MCM5	up
DOID:2531	hematologic cancer	79365	BHLHE41	down
DOID:2531	hematologic cancer	64080	RBKS	down
DOID:2531	hematologic cancer	1299	COL9A3	down
DOID:2531	hematologic cancer	5660	PSAP	down
DOID:2531	hematologic cancer	8702	B4GALT4	down
DOID:2531	hematologic cancer	50515	CHST11	up
DOID:2531	hematologic cancer	5538	PPT1	down
DOID:2531	hematologic cancer	51604	PIGT	down
DOID:2531	hematologic cancer	28955	DEXI	down
DOID:2531	hematologic cancer	54910	SEMA4C	down
DOID:2531	hematologic cancer	54942	FAM206A	down
DOID:2531	hematologic cancer	54963	UCKL1	up
DOID:2531	hematologic cancer	9962	SLC23A2	up
DOID:2531	hematologic cancer	54996	MARC2	down
DOID:2531	hematologic cancer	64215	DNAJC1	down
DOID:2531	hematologic cancer	1051	CEBPB	down
DOID:2531	hematologic cancer	5351	PLOD1	down
DOID:2531	hematologic cancer	6036	RNASE2	up
DOID:2531	hematologic cancer	5230	PGK1	up
DOID:2531	hematologic cancer	4043	LRPAP1	down
DOID:2531	hematologic cancer	80183	KIAA0226L	up
DOID:2531	hematologic cancer	4033	LRMP	up
DOID:2531	hematologic cancer	80152	CENPT	up
DOID:2531	hematologic cancer	4082	MARCKS	down
DOID:2531	hematologic cancer	5142	PDE4B	up
DOID:2531	hematologic cancer	64757	MARC1	down
DOID:2531	hematologic cancer	5066	PAM	down
DOID:2531	hematologic cancer	29927	SEC61A1	down
DOID:2531	hematologic cancer	7905	REEP5	down
DOID:2531	hematologic cancer	58472	SQRDL	down
DOID:2531	hematologic cancer	6675	UAP1	down
DOID:2531	hematologic cancer	6598	SMARCB1	up
DOID:2531	hematologic cancer	7639	ZNF85	up
DOID:2531	hematologic cancer	1958	EGR1	down
DOID:2531	hematologic cancer	23677	SH3BP4	down
DOID:2531	hematologic cancer	10857	PGRMC1	down
DOID:2531	hematologic cancer	23543	RBFOX2	down
DOID:2531	hematologic cancer	23576	DDAH1	down
DOID:2531	hematologic cancer	31	ACACA	down
DOID:2531	hematologic cancer	10772	SRSF10	up
DOID:2531	hematologic cancer	10600	USP16	up
DOID:2531	hematologic cancer	10657	KHDRBS1	up
DOID:2531	hematologic cancer	7181	NR2C1	up
DOID:2531	hematologic cancer	23378	RRP8	up
DOID:2531	hematologic cancer	23328	SASH1	down
DOID:2531	hematologic cancer	10048	RANBP9	up
DOID:2531	hematologic cancer	2131	EXT1	down
DOID:2531	hematologic cancer	11144	DMC1	up
DOID:2531	hematologic cancer	2176	FANCC	up
DOID:2531	hematologic cancer	55010	PARPBP	up
DOID:2531	hematologic cancer	10140	TOB1	down
DOID:2531	hematologic cancer	11083	DIDO1	up
DOID:2531	hematologic cancer	9695	EDEM1	up
DOID:2531	hematologic cancer	79621	RNASEH2B	up
DOID:2531	hematologic cancer	9585	KIF20B	up
DOID:2531	hematologic cancer	9576	SPAG6	up
DOID:2531	hematologic cancer	205564	SENP5	up
DOID:2531	hematologic cancer	3561	IL2RG	up
DOID:2531	hematologic cancer	2043	EPHA4	down
DOID:2531	hematologic cancer	11342	RNF13	down
DOID:2531	hematologic cancer	22905	EPN2	down
DOID:2531	hematologic cancer	3716	JAK1	up
DOID:2531	hematologic cancer	10577	NPC2	down
DOID:2531	hematologic cancer	10556	RPP30	up
DOID:2531	hematologic cancer	22885	ABLIM3	down
DOID:2531	hematologic cancer	9063	PIAS2	up
DOID:2531	hematologic cancer	10168	ZNF197	up
DOID:2531	hematologic cancer	3134	HLA-F	up
DOID:2531	hematologic cancer	574	BAGE	up
DOID:2531	hematologic cancer	6822	SULT2A1	up
DOID:2531	hematologic cancer	4602	MYB	up
DOID:2531	hematologic cancer	51375	SNX7	down
DOID:2531	hematologic cancer	51280	GOLM1	down
DOID:2531	hematologic cancer	5991	RFX3	up
DOID:2531	hematologic cancer	60681	FKBP10	down
DOID:2531	hematologic cancer	6938	TCF12	up
DOID:2531	hematologic cancer	4799	NFX1	up
DOID:2531	hematologic cancer	966	CD59	down
DOID:2531	hematologic cancer	56242	ZNF253	up
DOID:2531	hematologic cancer	4237	MFAP2	down
DOID:2531	hematologic cancer	1386	ATF2	up
DOID:2531	hematologic cancer	2322	FLT3	up
DOID:2531	hematologic cancer	147657	ZNF480	up
DOID:2531	hematologic cancer	8682	PEA15	down
DOID:2531	hematologic cancer	57466	SCAF4	up
DOID:2531	hematologic cancer	54850	FBXL12	up
DOID:2531	hematologic cancer	9880	ZBTB39	up
DOID:2531	hematologic cancer	1122	CHML	up
DOID:2531	hematologic cancer	8880	FUBP1	up
DOID:2531	hematologic cancer	8832	CD84	up
DOID:2531	hematologic cancer	675	BRCA2	up
DOID:2531	hematologic cancer	79158	GNPTAB	up
DOID:2531	hematologic cancer	51533	PHF7	up
DOID:2531	hematologic cancer	2548	GAA	down
DOID:2531	hematologic cancer	5426	POLE	up
DOID:2531	hematologic cancer	5457	POU4F1	up
DOID:2531	hematologic cancer	94104	GCFC1	up
DOID:2531	hematologic cancer	5297	PI4KA	up
DOID:2531	hematologic cancer	6229	RPS24	up
DOID:2531	hematologic cancer	80209	PROSER1	up
DOID:2531	hematologic cancer	27130	INVS	up
DOID:2531	hematologic cancer	27097	TAF5L	up
DOID:2531	hematologic cancer	27018	NGFRAP1	down
DOID:2531	hematologic cancer	5087	PBX1	down
DOID:2531	hematologic cancer	29988	SLC2A8	down
DOID:2531	hematologic cancer	113835	ZNF257	up
DOID:2531	hematologic cancer	7984	ARHGEF5	down
DOID:2531	hematologic cancer	171392	ZNF675	up
DOID:2531	hematologic cancer	58155	PTBP2	up
DOID:2531	hematologic cancer	6604	SMARCD3	down
DOID:2531	hematologic cancer	6697	SPR	down
DOID:2531	hematologic cancer	63931	MRPS14	up
DOID:2531	hematologic cancer	25814	ATXN10	up
DOID:2531	hematologic cancer	10610	ST6GALNAC2	down
DOID:2531	hematologic cancer	23095	KIF1B	down
DOID:2531	hematologic cancer	23286	WWC1	down
DOID:2531	hematologic cancer	2021	ENDOG	down
DOID:2531	hematologic cancer	9469	CHST3	down
DOID:2531	hematologic cancer	9371	KIF3B	down
DOID:2531	hematologic cancer	55205	ZNF532	down
DOID:2531	hematologic cancer	3875	KRT18	down
DOID:2531	hematologic cancer	10217	CTDSPL	down
DOID:2531	hematologic cancer	55742	PARVA	down
DOID:2531	hematologic cancer	2852	GPER	down
DOID:2531	hematologic cancer	51330	TNFRSF12A	down
DOID:2531	hematologic cancer	51202	DDX47	down
DOID:2531	hematologic cancer	1489	CTF1	down
DOID:2531	hematologic cancer	4781	NFIB	down
DOID:2531	hematologic cancer	55616	ASAP3	down
DOID:2531	hematologic cancer	931	MS4A1	up
DOID:2531	hematologic cancer	933	CD22	up
DOID:2531	hematologic cancer	973	CD79A	up
DOID:2531	hematologic cancer	974	CD79B	up
DOID:2531	hematologic cancer	9805	SCRN1	down
DOID:2531	hematologic cancer	9828	ARHGEF17	down
DOID:2531	hematologic cancer	5450	POU2AF1	up
DOID:2531	hematologic cancer	4055	LTBR	down
DOID:2531	hematologic cancer	29802	VPREB3	up
DOID:2531	hematologic cancer	25796	PGLS	up
DOID:2531	hematologic cancer	25799	ZNF324	down
DOID:2531	hematologic cancer	63917	GALNT11	down
DOID:2531	hematologic cancer	23646	PLD3	down
DOID:2531	hematologic cancer	25780	RASGRP3	down
DOID:2531	hematologic cancer	63901	FAM111A	up
DOID:2531	hematologic cancer	23635	SSBP2	up
DOID:2531	hematologic cancer	23621	BACE1	down
DOID:2531	hematologic cancer	10961	ERP29	down
DOID:2531	hematologic cancer	63940	GPSM3	up
DOID:2531	hematologic cancer	23678	SGK3	down
DOID:2531	hematologic cancer	10983	CCNI	up
DOID:2531	hematologic cancer	10982	MAPRE2	up
DOID:2531	hematologic cancer	23603	CORO1C	down
DOID:2531	hematologic cancer	256949	KANK3	down
DOID:2531	hematologic cancer	25829	TMEM184B	down
DOID:2531	hematologic cancer	10922	FASTK	down
DOID:2531	hematologic cancer	25823	TPSG1	down
DOID:2531	hematologic cancer	10908	PNPLA6	down
DOID:2531	hematologic cancer	10915	TCERG1	down
DOID:2531	hematologic cancer	23583	SMUG1	down
DOID:2531	hematologic cancer	25801	GCA	down
DOID:2531	hematologic cancer	23593	HEBP2	down
DOID:2531	hematologic cancer	23590	PDSS1	up
DOID:2531	hematologic cancer	23598	PATZ1	up
DOID:2531	hematologic cancer	25865	PRKD2	up
DOID:2531	hematologic cancer	25864	ABHD14A	down
DOID:2531	hematologic cancer	10902	BRD8	up
DOID:2531	hematologic cancer	10897	YIF1A	down
DOID:2531	hematologic cancer	23518	R3HDM1	up
DOID:2531	hematologic cancer	203197	C9orf91	up
DOID:2531	hematologic cancer	23522	KAT6B	up
DOID:2531	hematologic cancer	10863	ADAM28	up
DOID:2531	hematologic cancer	39	ACAT2	down
DOID:2531	hematologic cancer	87	ACTN1	down
DOID:2531	hematologic cancer	59	ACTA2	up
DOID:2531	hematologic cancer	23483	TGDS	up
DOID:2531	hematologic cancer	10801	SEPT9	up
DOID:2531	hematologic cancer	97	ACYP1	down
DOID:2531	hematologic cancer	93	ACVR2B	up
DOID:2531	hematologic cancer	10728	PTGES3	down
DOID:2531	hematologic cancer	10734	STAG3	up
DOID:2531	hematologic cancer	10758	TRAF3IP2	up
DOID:2531	hematologic cancer	10767	HBS1L	up
DOID:2531	hematologic cancer	10762	NUP50	up
DOID:2531	hematologic cancer	10777	ARPP21	up
DOID:2531	hematologic cancer	10781	ZNF266	up
DOID:2531	hematologic cancer	10613	ERLIN1	down
DOID:2531	hematologic cancer	10611	PDLIM5	down
DOID:2531	hematologic cancer	10658	CELF1	up
DOID:2531	hematologic cancer	10664	CTCF	up
DOID:2531	hematologic cancer	284403	WDR62	up
DOID:2531	hematologic cancer	10635	RAD51AP1	down
DOID:2531	hematologic cancer	23764	MAFF	down
DOID:2531	hematologic cancer	23762	OSBP2	down
DOID:2531	hematologic cancer	10694	CCT8	up
DOID:2531	hematologic cancer	25976	TIPARP	down
DOID:2531	hematologic cancer	25926	NOL11	down
DOID:2531	hematologic cancer	30009	TBX21	up
DOID:2531	hematologic cancer	85363	TRIM5	up
DOID:2531	hematologic cancer	25941	TPGS2	up
DOID:2531	hematologic cancer	144699	FBXL14	up
DOID:2531	hematologic cancer	84851	TRIM52	up
DOID:2531	hematologic cancer	81619	TSPAN14	up
DOID:2531	hematologic cancer	81606	LBH	up
DOID:2531	hematologic cancer	29099	COMMD9	down
DOID:2531	hematologic cancer	81671	VMP1	down
DOID:2531	hematologic cancer	80776	B9D2	down
DOID:2531	hematologic cancer	80745	THUMPD2	up
DOID:2531	hematologic cancer	7073	TIAL1	up
DOID:2531	hematologic cancer	7072	TIA1	up
DOID:2531	hematologic cancer	7076	TIMP1	down
DOID:2531	hematologic cancer	23126	POGZ	up
DOID:2531	hematologic cancer	7059	THBS3	down
DOID:2531	hematologic cancer	81570	CLPB	down
DOID:2531	hematologic cancer	23178	PASK	up
DOID:2531	hematologic cancer	23164	MPRIP	up
DOID:2531	hematologic cancer	23168	RTF1	up
DOID:2531	hematologic cancer	23152	CIC	up
DOID:2531	hematologic cancer	23157	SEPT6	up
DOID:2531	hematologic cancer	23190	UBXN4	up
DOID:2531	hematologic cancer	7014	TERF2	up
DOID:2531	hematologic cancer	29127	RACGAP1	down
DOID:2531	hematologic cancer	84991	RBM17	down
DOID:2531	hematologic cancer	29105	C16orf80	down
DOID:2531	hematologic cancer	29110	TBK1	down
DOID:2531	hematologic cancer	29117	BRD7	up
DOID:2531	hematologic cancer	7168	TPM1	down
DOID:2531	hematologic cancer	23039	XPO7	up
DOID:2531	hematologic cancer	23054	NCOA6	up
DOID:2531	hematologic cancer	23047	PDS5B	up
DOID:2531	hematologic cancer	7102	TSPAN7	up
DOID:2531	hematologic cancer	23090	ZNF423	up
DOID:2531	hematologic cancer	23091	ZC3H13	up
DOID:2531	hematologic cancer	7112	TMPO	up
DOID:2531	hematologic cancer	7106	TSPAN4	down
DOID:2531	hematologic cancer	7107	GPR137B	down
DOID:2531	hematologic cancer	7123	CLEC3B	down
DOID:2531	hematologic cancer	7128	TNFAIP3	up
DOID:2531	hematologic cancer	7153	TOP2A	up
DOID:2531	hematologic cancer	23423	TMED3	down
DOID:2531	hematologic cancer	23435	TARDBP	up
DOID:2531	hematologic cancer	23397	NCAPH	down
DOID:2531	hematologic cancer	23398	PPWD1	down
DOID:2531	hematologic cancer	114876	OSBPL1A	down
DOID:2531	hematologic cancer	23394	ADNP	up
DOID:2531	hematologic cancer	23390	ZDHHC17	up
DOID:2531	hematologic cancer	23369	PUM2	up
DOID:2531	hematologic cancer	23360	FNBP4	up
DOID:2531	hematologic cancer	96764	TGS1	up
DOID:2531	hematologic cancer	23305	ACSL6	up
DOID:2531	hematologic cancer	23338	PHF15	up
DOID:2531	hematologic cancer	23334	SZT2	up
DOID:2531	hematologic cancer	23234	DNAJC9	up
DOID:2531	hematologic cancer	286527	TMSB15B	up
DOID:2531	hematologic cancer	79805	VASH2	up
DOID:2531	hematologic cancer	8208	CHAF1B	down
DOID:2531	hematologic cancer	8242	KDM5C	up
DOID:2531	hematologic cancer	79829	NAA40	up
DOID:2531	hematologic cancer	8233	ZRSR2	up
DOID:2531	hematologic cancer	79837	PIP4K2C	down
DOID:2531	hematologic cancer	8228	PNPLA4	down
DOID:2531	hematologic cancer	50865	HEBP1	down
DOID:2531	hematologic cancer	10051	SMC4	up
DOID:2531	hematologic cancer	79869	CPSF7	up
DOID:2531	hematologic cancer	10044	SH2D3C	up
DOID:2531	hematologic cancer	10045	SH2D3A	up
DOID:2531	hematologic cancer	79867	TCTN2	up
DOID:2531	hematologic cancer	2123	EVI2A	up
DOID:2531	hematologic cancer	10036	CHAF1A	up
DOID:2531	hematologic cancer	9749	PHACTR2	down
DOID:2531	hematologic cancer	79891	ZNF671	up
DOID:2531	hematologic cancer	79892	MCMBP	up
DOID:2531	hematologic cancer	79893	GGNBP2	up
DOID:2531	hematologic cancer	2161	F12	down
DOID:2531	hematologic cancer	8295	TRRAP	up
DOID:2531	hematologic cancer	2175	FANCA	up
DOID:2531	hematologic cancer	11120	BTN2A1	up
DOID:2531	hematologic cancer	9757	MLL4	up
DOID:2531	hematologic cancer	2180	ACSL1	down
DOID:2531	hematologic cancer	9761	MLEC	down
DOID:2531	hematologic cancer	55015	PRPF39	down
DOID:2531	hematologic cancer	55014	STX17	up
DOID:2531	hematologic cancer	11190	CEP250	up
DOID:2531	hematologic cancer	11198	SUPT16H	up
DOID:2531	hematologic cancer	8263	F8A1	up
DOID:2531	hematologic cancer	9792	SERTAD2	down
DOID:2531	hematologic cancer	9794	MAML1	up
DOID:2531	hematologic cancer	11188	NISCH	up
DOID:2531	hematologic cancer	9787	DLGAP5	down
DOID:2531	hematologic cancer	8289	ARID1A	up
DOID:2531	hematologic cancer	8273	SLC10A3	down
DOID:2531	hematologic cancer	11236	RNF139	down
DOID:2531	hematologic cancer	9702	CEP57	down
DOID:2531	hematologic cancer	9716	AQR	up
DOID:2531	hematologic cancer	11215	AKAP11	up
DOID:2531	hematologic cancer	9733	SART3	up
DOID:2531	hematologic cancer	9729	KIAA0408	up
DOID:2531	hematologic cancer	10146	G3BP1	up
DOID:2531	hematologic cancer	10129	FRY	up
DOID:2531	hematologic cancer	10125	RASGRP1	up
DOID:2531	hematologic cancer	79703	C11orf80	down
DOID:2531	hematologic cancer	79707	NOL9	up
DOID:2531	hematologic cancer	79709	GLT25D1	up
DOID:2531	hematologic cancer	79717	PPCS	down
DOID:2531	hematologic cancer	79718	TBL1XR1	up
DOID:2531	hematologic cancer	8115	TCL1A	up
DOID:2531	hematologic cancer	79744	ZNF419	up
DOID:2531	hematologic cancer	3384	ICAM2	up
DOID:2531	hematologic cancer	3361	HTR5A	down
DOID:2531	hematologic cancer	3355	HTR1F	up
DOID:2531	hematologic cancer	2237	FEN1	down
DOID:2531	hematologic cancer	3339	HSPG2	down
DOID:2531	hematologic cancer	11018	TMED1	down
DOID:2531	hematologic cancer	3340	NDST1	down
DOID:2531	hematologic cancer	11011	TLK2	up
DOID:2531	hematologic cancer	11004	KIF2C	down
DOID:2531	hematologic cancer	11034	DSTN	down
DOID:2531	hematologic cancer	2273	FHL1	up
DOID:2531	hematologic cancer	2275	FHL3	down
DOID:2531	hematologic cancer	79763	ISOC2	down
DOID:2531	hematologic cancer	11022	TDRKH	up
DOID:2531	hematologic cancer	2286	FKBP2	down
DOID:2531	hematologic cancer	79778	MICALL2	down
DOID:2531	hematologic cancer	11051	NUDT21	down
DOID:2531	hematologic cancer	11046	SLC35D2	down
DOID:2531	hematologic cancer	11044	PAPD7	up
DOID:2531	hematologic cancer	9679	FAM53B	up
DOID:2531	hematologic cancer	9662	CEP135	up
DOID:2531	hematologic cancer	11119	BTN3A1	up
DOID:2531	hematologic cancer	11113	CIT	up
DOID:2531	hematologic cancer	10015	PDCD6IP	up
DOID:2531	hematologic cancer	116984	ARAP2	up
DOID:2531	hematologic cancer	196403	DTX3	down
DOID:2531	hematologic cancer	50624	CUZD1	up
DOID:2531	hematologic cancer	79612	NAA16	up
DOID:2531	hematologic cancer	8438	RAD54L	down
DOID:2531	hematologic cancer	79629	OCEL1	down
DOID:2531	hematologic cancer	8444	DYRK3	up
DOID:2531	hematologic cancer	8428	STK24	up
DOID:2531	hematologic cancer	8467	SMARCA5	down
DOID:2531	hematologic cancer	9588	PRDX6	down
DOID:2531	hematologic cancer	9589	WTAP	up
DOID:2531	hematologic cancer	8455	ATRN	down
DOID:2531	hematologic cancer	9583	ENTPD4	up
DOID:2531	hematologic cancer	8481	OFD1	up
DOID:2531	hematologic cancer	8480	RAE1	up
DOID:2531	hematologic cancer	79690	GAL3ST4	up
DOID:2531	hematologic cancer	9578	CDC42BPB	down
DOID:2531	hematologic cancer	79643	CHMP6	down
DOID:2531	hematologic cancer	79656	BEND5	up
DOID:2531	hematologic cancer	79658	ARHGAP10	down
DOID:2531	hematologic cancer	79664	NARG2	up
DOID:2531	hematologic cancer	3459	IFNGR1	up
DOID:2531	hematologic cancer	79661	NEIL1	up
DOID:2531	hematologic cancer	9517	SPTLC2	up
DOID:2531	hematologic cancer	8317	CDC7	up
DOID:2531	hematologic cancer	8318	CDC45	down
DOID:2531	hematologic cancer	8324	FZD7	down
DOID:2531	hematologic cancer	8309	ACOX2	down
DOID:2531	hematologic cancer	9470	EIF4E2	down
DOID:2531	hematologic cancer	9454	HOMER3	down
DOID:2531	hematologic cancer	9456	HOMER1	down
DOID:2531	hematologic cancer	9459	ARHGEF6	up
DOID:2531	hematologic cancer	9450	LY86	up
DOID:2531	hematologic cancer	92579	G6PC3	down
DOID:2531	hematologic cancer	79596	RNF219	up
DOID:2531	hematologic cancer	8398	PLA2G6	up
DOID:2531	hematologic cancer	9448	MAP4K4	up
DOID:2531	hematologic cancer	79590	MRPL24	down
DOID:2531	hematologic cancer	79594	MUL1	down
DOID:2531	hematologic cancer	2078	ERG	up
DOID:2531	hematologic cancer	11253	MAN1B1	down
DOID:2531	hematologic cancer	2051	EPHB6	up
DOID:2531	hematologic cancer	9410	SNRNP40	down
DOID:2531	hematologic cancer	3575	IL7R	up
DOID:2531	hematologic cancer	2048	EPHB2	down
DOID:2531	hematologic cancer	2063	NR2F6	down
DOID:2531	hematologic cancer	9402	GRAP2	down
DOID:2531	hematologic cancer	11278	KLF12	up
DOID:2531	hematologic cancer	2026	ENO2	down
DOID:2531	hematologic cancer	2038	EPB42	up
DOID:2531	hematologic cancer	11328	FKBP9	down
DOID:2531	hematologic cancer	11336	EXOC3	down
DOID:2531	hematologic cancer	11344	TWF2	down
DOID:2531	hematologic cancer	3621	ING1	up
DOID:2531	hematologic cancer	3611	ILK	down
DOID:2531	hematologic cancer	3613	IMPA2	down
DOID:2531	hematologic cancer	3608	ILF2	down
DOID:2531	hematologic cancer	3606	IL18	down
DOID:2531	hematologic cancer	84705	GTPBP3	up
DOID:2531	hematologic cancer	50813	COPS7A	down
DOID:2531	hematologic cancer	9326	ZNHIT3	down
DOID:2531	hematologic cancer	9334	B4GALT5	down
DOID:2531	hematologic cancer	9348	NDST3	up
DOID:2531	hematologic cancer	9341	VAMP3	down
DOID:2531	hematologic cancer	3692	EIF6	down
DOID:2531	hematologic cancer	3693	ITGB5	down
DOID:2531	hematologic cancer	55423	SIRPG	up
DOID:2531	hematologic cancer	55422	ZNF331	up
DOID:2531	hematologic cancer	3638	INSIG1	down
DOID:2531	hematologic cancer	3669	ISG20	up
DOID:2531	hematologic cancer	10591	C6orf108	down
DOID:2531	hematologic cancer	10578	GNLY	up
DOID:2531	hematologic cancer	10572	SIVA1	up
DOID:2531	hematologic cancer	3702	ITK	up
DOID:2531	hematologic cancer	10560	SLC19A2	down
DOID:2531	hematologic cancer	10550	ARL6IP5	down
DOID:2531	hematologic cancer	10551	AGR2	down
DOID:2531	hematologic cancer	22974	TPX2	down
DOID:2531	hematologic cancer	22981	NINL	up
DOID:2531	hematologic cancer	22985	ACIN1	up
DOID:2531	hematologic cancer	10512	SEMA3C	down
DOID:2531	hematologic cancer	22938	SNW1	down
DOID:2531	hematologic cancer	22954	TRIM32	up
DOID:2531	hematologic cancer	165	AEBP1	up
DOID:2531	hematologic cancer	55366	LGR4	down
DOID:2531	hematologic cancer	177	AGER	up
DOID:2531	hematologic cancer	84196	USP48	up
DOID:2531	hematologic cancer	182	JAG1	down
DOID:2531	hematologic cancer	55337	C19orf66	up
DOID:2531	hematologic cancer	9209	LRRFIP2	up
DOID:2531	hematologic cancer	9212	AURKB	up
DOID:2531	hematologic cancer	9215	LARGE	up
DOID:2531	hematologic cancer	55353	LAPTM4B	down
DOID:2531	hematologic cancer	84168	ANTXR1	down
DOID:2531	hematologic cancer	141	ADPRH	down
DOID:2531	hematologic cancer	399687	MYO18A	up
DOID:2531	hematologic cancer	55313	CPPED1	down
DOID:2531	hematologic cancer	9235	IL32	down
DOID:2531	hematologic cancer	148022	TICAM1	down
DOID:2531	hematologic cancer	196	AHR	down
DOID:2531	hematologic cancer	9282	MED14	up
DOID:2531	hematologic cancer	9284	NPIP	up
DOID:2531	hematologic cancer	9266	CYTH2	up
DOID:2531	hematologic cancer	10480	EIF3M	up
DOID:2531	hematologic cancer	10473	HMGN4	down
DOID:2531	hematologic cancer	10472	ZNF238	up
DOID:2531	hematologic cancer	10474	TADA3	down
DOID:2531	hematologic cancer	3848	KRT1	up
DOID:2531	hematologic cancer	10492	SYNCRIP	up
DOID:2531	hematologic cancer	9184	BUB3	up
DOID:2531	hematologic cancer	10451	VAV3	up
DOID:2531	hematologic cancer	10403	NDC80	down
DOID:2531	hematologic cancer	22878	TRAPPC8	up
DOID:2531	hematologic cancer	22882	ZHX2	up
DOID:2531	hematologic cancer	10428	CFDP1	up
DOID:2531	hematologic cancer	100	ADA	up
DOID:2531	hematologic cancer	22869	ZNF510	up
DOID:2531	hematologic cancer	22836	RHOBTB3	down
DOID:2531	hematologic cancer	22846	VASH1	up
DOID:2531	hematologic cancer	55291	PPP6R3	up
DOID:2531	hematologic cancer	55294	FBXW7	up
DOID:2531	hematologic cancer	22823	MTF2	up
DOID:2531	hematologic cancer	8019	BRD3	up
DOID:2531	hematologic cancer	55213	RCBTB1	up
DOID:2531	hematologic cancer	84296	GINS4	up
DOID:2531	hematologic cancer	55207	ARL8B	down
DOID:2531	hematologic cancer	55278	QRSL1	up
DOID:2531	hematologic cancer	78992	YIPF2	down
DOID:2531	hematologic cancer	8061	FOSL1	down
DOID:2531	hematologic cancer	55256	ADI1	down
DOID:2531	hematologic cancer	55251	PCMTD2	up
DOID:2531	hematologic cancer	55252	ASXL2	up
DOID:2531	hematologic cancer	55243	KIRREL	down
DOID:2531	hematologic cancer	10295	BCKDK	down
DOID:2531	hematologic cancer	9144	SYNGR2	down
DOID:2531	hematologic cancer	56984	PSMG2	down
DOID:2531	hematologic cancer	10274	STAG1	up
DOID:2531	hematologic cancer	54165	DCUN1D1	up
DOID:2531	hematologic cancer	3015	H2AFZ	down
DOID:2531	hematologic cancer	54148	MRPL39	up
DOID:2531	hematologic cancer	3054	HCFC1	up
DOID:2531	hematologic cancer	9113	LATS1	up
DOID:2531	hematologic cancer	9110	MTMR4	up
DOID:2531	hematologic cancer	3043	HBB	up
DOID:2531	hematologic cancer	56948	SDR39U1	up
DOID:2531	hematologic cancer	56941	C3orf37	up
DOID:2531	hematologic cancer	9123	SLC16A3	down
DOID:2531	hematologic cancer	9133	CCNB2	up
DOID:2531	hematologic cancer	3082	HGF	up
DOID:2531	hematologic cancer	3925	STMN1	up
DOID:2531	hematologic cancer	3920	LAMP2	down
DOID:2531	hematologic cancer	10336	PCGF3	up
DOID:2531	hematologic cancer	10320	IKZF1	up
DOID:2531	hematologic cancer	3938	LCT	up
DOID:2531	hematologic cancer	3930	LBR	up
DOID:2531	hematologic cancer	3932	LCK	up
DOID:2531	hematologic cancer	10385	BTN2A2	up
DOID:2531	hematologic cancer	10384	BTN3A3	up
DOID:2531	hematologic cancer	3956	LGALS1	down
DOID:2531	hematologic cancer	3957	LGALS2	down
DOID:2531	hematologic cancer	3981	LIG4	up
DOID:2531	hematologic cancer	55186	SLC25A36	up
DOID:2531	hematologic cancer	55193	PBRM1	up
DOID:2531	hematologic cancer	26986	PABPC1	up
DOID:2531	hematologic cancer	55165	CEP55	down
DOID:2531	hematologic cancer	26999	CYFIP2	up
DOID:2531	hematologic cancer	55116	TMEM39B	up
DOID:2531	hematologic cancer	55129	ANO10	down
DOID:2531	hematologic cancer	56898	BDH2	up
DOID:2531	hematologic cancer	56894	AGPAT3	down
DOID:2531	hematologic cancer	55159	RFWD3	down
DOID:2531	hematologic cancer	55153	SDAD1	up
DOID:2531	hematologic cancer	55143	CDCA8	down
DOID:2531	hematologic cancer	55147	RBM23	up
DOID:2531	hematologic cancer	3148	HMGB2	up
DOID:2531	hematologic cancer	9049	AIP	up
DOID:2531	hematologic cancer	3155	HMGCL	down
DOID:2531	hematologic cancer	10155	TRIM28	up
DOID:2531	hematologic cancer	10161	LPAR6	up
DOID:2531	hematologic cancer	54039	PCBP3	up
DOID:2531	hematologic cancer	9055	PRC1	down
DOID:2531	hematologic cancer	9053	MAP7	down
DOID:2531	hematologic cancer	9025	RNF8	up
DOID:2531	hematologic cancer	10181	RBM5	up
DOID:2531	hematologic cancer	10184	LHFPL2	down
DOID:2531	hematologic cancer	79966	SCD5	up
DOID:2531	hematologic cancer	79969	ATAT1	up
DOID:2531	hematologic cancer	56829	ZC3HAV1	up
DOID:2531	hematologic cancer	3196	TLX2	down
DOID:2531	hematologic cancer	3189	HNRNPH3	up
DOID:2531	hematologic cancer	3183	HNRNPC	up
DOID:2531	hematologic cancer	79932	KIAA0319L	down
DOID:2531	hematologic cancer	79902	NUP85	down
DOID:2531	hematologic cancer	79901	CYBRD1	down
DOID:2531	hematologic cancer	79918	SETD6	down
DOID:2531	hematologic cancer	10239	AP3S2	down
DOID:2531	hematologic cancer	10252	SPRY1	up
DOID:2531	hematologic cancer	55048	VPS37C	down
DOID:2531	hematologic cancer	55062	WIPI1	down
DOID:2531	hematologic cancer	55088	C10orf118	up
DOID:2531	hematologic cancer	55090	MED9	up
DOID:2531	hematologic cancer	84364	ARFGAP2	up
DOID:2531	hematologic cancer	535	ATP6V0A1	down
DOID:2531	hematologic cancer	534	ATP6V1G2	up
DOID:2531	hematologic cancer	2954	GSTZ1	down
DOID:2531	hematologic cancer	2956	MSH6	up
DOID:2531	hematologic cancer	1827	RCAN1	up
DOID:2531	hematologic cancer	6877	TAF5	up
DOID:2531	hematologic cancer	1841	DTYMK	up
DOID:2531	hematologic cancer	1845	DUSP3	down
DOID:2531	hematologic cancer	1830	DSG3	up
DOID:2531	hematologic cancer	2993	GYPA	up
DOID:2531	hematologic cancer	2994	GYPB	up
DOID:2531	hematologic cancer	580	BARD1	up
DOID:2531	hematologic cancer	1800	DPEP1	up
DOID:2531	hematologic cancer	8914	TIMELESS	up
DOID:2531	hematologic cancer	8968	HIST1H3F	up
DOID:2531	hematologic cancer	6830	SUPT6H	up
DOID:2531	hematologic cancer	1859	DYRK1A	up
DOID:2531	hematologic cancer	6839	SUV39H1	up
DOID:2531	hematologic cancer	2908	NR3C1	up
DOID:2531	hematologic cancer	55706	TMEM48	down
DOID:2531	hematologic cancer	6843	VAMP1	up
DOID:2531	hematologic cancer	6844	VAMP2	up
DOID:2531	hematologic cancer	2920	CXCL2	down
DOID:2531	hematologic cancer	4711	NDUFB5	down
DOID:2531	hematologic cancer	55757	UGGT2	down
DOID:2531	hematologic cancer	55753	OGDHL	down
DOID:2531	hematologic cancer	55751	TMEM184C	down
DOID:2531	hematologic cancer	4600	MX2	up
DOID:2531	hematologic cancer	55723	ASF1B	up
DOID:2531	hematologic cancer	56623	INPP5E	up
DOID:2531	hematologic cancer	55795	PCID2	up
DOID:2531	hematologic cancer	55793	FAM63A	down
DOID:2531	hematologic cancer	4681	NBL1	down
DOID:2531	hematologic cancer	55760	DHX32	down
DOID:2531	hematologic cancer	55776	SAYSD1	down
DOID:2531	hematologic cancer	57799	RAB40C	down
DOID:2531	hematologic cancer	51427	ZNF107	up
DOID:2531	hematologic cancer	51439	FAM8A1	down
DOID:2531	hematologic cancer	593	BCKDHA	down
DOID:2531	hematologic cancer	51466	EVL	up
DOID:2531	hematologic cancer	51449	PCYOX1	down
DOID:2531	hematologic cancer	51444	RNF138	up
DOID:2531	hematologic cancer	56660	KCNK12	up
DOID:2531	hematologic cancer	51371	POMP	up
DOID:2531	hematologic cancer	1728	NQO1	down
DOID:2531	hematologic cancer	402	ARL2	down
DOID:2531	hematologic cancer	411	ARSB	up
DOID:2531	hematologic cancer	427	ASAH1	down
DOID:2531	hematologic cancer	2822	GPLD1	up
DOID:2531	hematologic cancer	2896	GRN	down
DOID:2531	hematologic cancer	60494	CCDC81	up
DOID:2531	hematologic cancer	6790	AURKA	down
DOID:2531	hematologic cancer	58986	TMEM8A	down
DOID:2531	hematologic cancer	1791	DNTT	up
DOID:2531	hematologic cancer	1778	DYNC1H1	up
DOID:2531	hematologic cancer	60468	BACH2	up
DOID:2531	hematologic cancer	2801	GOLGA2	down
DOID:2531	hematologic cancer	55802	DCP1A	up
DOID:2531	hematologic cancer	6708	SPTA1	up
DOID:2531	hematologic cancer	6709	SPTAN1	up
DOID:2531	hematologic cancer	6715	SRD5A1	down
DOID:2531	hematologic cancer	6711	SPTBN1	up
DOID:2531	hematologic cancer	55848	PLGRKT	down
DOID:2531	hematologic cancer	55851	PSENEN	down
DOID:2531	hematologic cancer	55872	PBK	down
DOID:2531	hematologic cancer	54386	TERF2IP	up
DOID:2531	hematologic cancer	4521	NUDT1	down
DOID:2531	hematologic cancer	489	ATP2A3	up
DOID:2531	hematologic cancer	481	ATP1B1	down
DOID:2531	hematologic cancer	475	ATOX1	down
DOID:2531	hematologic cancer	472	ATM	up
DOID:2531	hematologic cancer	57805	KIAA1967	down
DOID:2531	hematologic cancer	2799	GNS	down
DOID:2531	hematologic cancer	51316	PLAC8	up
DOID:2531	hematologic cancer	490	ATP2B1	down
DOID:2531	hematologic cancer	57824	HMHB1	up
DOID:2531	hematologic cancer	332	BIRC5	down
DOID:2531	hematologic cancer	334	APLP2	down
DOID:2531	hematologic cancer	341	APOC1	down
DOID:2531	hematologic cancer	344	APOC2	down
DOID:2531	hematologic cancer	51279	C1RL	down
DOID:2531	hematologic cancer	1603	DAD1	down
DOID:2531	hematologic cancer	53371	NUP54	up
DOID:2531	hematologic cancer	4924	NUCB1	down
DOID:2531	hematologic cancer	1616	DAXX	down
DOID:2531	hematologic cancer	4939	OAS2	up
DOID:2531	hematologic cancer	4940	OAS3	up
DOID:2531	hematologic cancer	1632	ECI1	down
DOID:2531	hematologic cancer	53335	BCL11A	up
DOID:2531	hematologic cancer	1663	DDX11	up
DOID:2531	hematologic cancer	1655	DDX5	up
DOID:2531	hematologic cancer	4900	NRGN	down
DOID:2531	hematologic cancer	1675	CFD	down
DOID:2531	hematologic cancer	55544	RBM38	up
DOID:2531	hematologic cancer	54499	TMCO1	down
DOID:2531	hematologic cancer	54472	TOLLIP	down
DOID:2531	hematologic cancer	4854	NOTCH3	down
DOID:2531	hematologic cancer	4852	NPY	up
DOID:2531	hematologic cancer	55503	TRPV6	down
DOID:2531	hematologic cancer	65018	PINK1	down
DOID:2531	hematologic cancer	4848	CNOT2	up
DOID:2531	hematologic cancer	4863	NPAT	up
DOID:2531	hematologic cancer	54413	NLGN3	down
DOID:2531	hematologic cancer	51237	MZB1	up
DOID:2531	hematologic cancer	5930	RBBP6	up
DOID:2531	hematologic cancer	5932	RBBP8	down
DOID:2531	hematologic cancer	124565	SLC38A10	up
DOID:2531	hematologic cancer	393	ARHGAP4	up
DOID:2531	hematologic cancer	397	ARHGDIB	up
DOID:2531	hematologic cancer	399	RHOH	up
DOID:2531	hematologic cancer	5993	RFX5	up
DOID:2531	hematologic cancer	55584	CHRNA9	up
DOID:2531	hematologic cancer	54436	SH3TC1	up
DOID:2531	hematologic cancer	54440	SASH3	up
DOID:2531	hematologic cancer	55577	NAGK	down
DOID:2531	hematologic cancer	51177	PLEKHO1	up
DOID:2531	hematologic cancer	204	AK2	down
DOID:2531	hematologic cancer	212	ALAS2	up
DOID:2531	hematologic cancer	51191	HERC5	up
DOID:2531	hematologic cancer	51195	RAPGEFL1	down
DOID:2531	hematologic cancer	223	ALDH9A1	down
DOID:2531	hematologic cancer	5914	RARA	down
DOID:2531	hematologic cancer	5928	RBBP4	up
DOID:2531	hematologic cancer	51123	ZNF706	up
DOID:2531	hematologic cancer	6993	DYNLT1	down
DOID:2531	hematologic cancer	5901	RAN	down
DOID:2531	hematologic cancer	5902	RANBP1	up
DOID:2531	hematologic cancer	5903	RANBP2	up
DOID:2531	hematologic cancer	1522	CTSZ	down
DOID:2531	hematologic cancer	4835	NQO2	down
DOID:2531	hematologic cancer	4832	NME3	down
DOID:2531	hematologic cancer	4800	NFYA	up
DOID:2531	hematologic cancer	1509	CTSD	down
DOID:2531	hematologic cancer	1508	CTSB	down
DOID:2531	hematologic cancer	6929	TCF3	up
DOID:2531	hematologic cancer	6932	TCF7	up
DOID:2531	hematologic cancer	6904	TBCD	up
DOID:2531	hematologic cancer	6916	TBXAS1	down
DOID:2531	hematologic cancer	4796	TONSL	down
DOID:2531	hematologic cancer	55650	PIGV	down
DOID:2531	hematologic cancer	55654	TMEM127	down
DOID:2531	hematologic cancer	1460	CSNK2B	up
DOID:2531	hematologic cancer	4782	NFIC	down
DOID:2531	hematologic cancer	5899	RALB	down
DOID:2531	hematologic cancer	4763	NF1	up
DOID:2531	hematologic cancer	5897	RAG2	up
DOID:2531	hematologic cancer	5896	RAG1	up
DOID:2531	hematologic cancer	55679	LIMS2	up
DOID:2531	hematologic cancer	4758	NEU1	down
DOID:2531	hematologic cancer	55603	FAM46A	down
DOID:2531	hematologic cancer	55627	SMPD4	up
DOID:2531	hematologic cancer	55635	DEPDC1	down
DOID:2531	hematologic cancer	284	ANGPT1	up
DOID:2531	hematologic cancer	5836	PYGL	down
DOID:2531	hematologic cancer	51104	FAM108B1	up
DOID:2531	hematologic cancer	51110	LACTB2	down
DOID:2531	hematologic cancer	51111	SUV420H1	up
DOID:2531	hematologic cancer	5817	PVR	down
DOID:2531	hematologic cancer	5891	MOK	down
DOID:2531	hematologic cancer	5890	RAD51B	up
DOID:2531	hematologic cancer	5894	RAF1	up
DOID:2531	hematologic cancer	241	ALOX5AP	up
DOID:2531	hematologic cancer	5892	RAD51D	up
DOID:2531	hematologic cancer	5885	RAD21	down
DOID:2531	hematologic cancer	5889	RAD51C	down
DOID:2531	hematologic cancer	5862	RAB2A	down
DOID:2531	hematologic cancer	945	CD33	down
DOID:2531	hematologic cancer	1435	CSF1	down
DOID:2531	hematologic cancer	1439	CSF2RB	up
DOID:2531	hematologic cancer	919	CD247	up
DOID:2531	hematologic cancer	915	CD3D	up
DOID:2531	hematologic cancer	916	CD3E	up
DOID:2531	hematologic cancer	910	CD1B	up
DOID:2531	hematologic cancer	909	CD1A	up
DOID:2531	hematologic cancer	977	CD151	down
DOID:2531	hematologic cancer	971	CD72	up
DOID:2531	hematologic cancer	967	CD63	down
DOID:2531	hematologic cancer	56172	ANKH	down
DOID:2531	hematologic cancer	54606	DDX56	up
DOID:2531	hematologic cancer	996	CDC27	down
DOID:2531	hematologic cancer	993	CDC25A	down
DOID:2531	hematologic cancer	990	CDC6	down
DOID:2531	hematologic cancer	991	CDC20	down
DOID:2531	hematologic cancer	2512	FTL	down
DOID:2531	hematologic cancer	54682	MANSC1	down
DOID:2531	hematologic cancer	5768	QSOX1	down
DOID:2531	hematologic cancer	64151	NCAPG	down
DOID:2531	hematologic cancer	54665	RSBN1	up
DOID:2531	hematologic cancer	54664	TMEM106B	down
DOID:2531	hematologic cancer	4258	MGST2	down
DOID:2531	hematologic cancer	4267	CD99	up
DOID:2531	hematologic cancer	64170	CARD9	up
DOID:2531	hematologic cancer	2491	CENPI	up
DOID:2531	hematologic cancer	4285	MIPEP	down
DOID:2531	hematologic cancer	64114	TMBIM1	down
DOID:2531	hematologic cancer	8526	DGKE	up
DOID:2531	hematologic cancer	8544	PIR	down
DOID:2531	hematologic cancer	1376	CPT2	down
DOID:2531	hematologic cancer	1399	CRKL	up
DOID:2531	hematologic cancer	8559	PRPF18	up
DOID:2531	hematologic cancer	8574	AKR7A2	down
DOID:2531	hematologic cancer	5790	PTPRCAP	up
DOID:2531	hematologic cancer	1318	SLC31A2	down
DOID:2531	hematologic cancer	1329	COX5B	down
DOID:2531	hematologic cancer	814	CAMK4	up
DOID:2531	hematologic cancer	843	CASP10	up
DOID:2531	hematologic cancer	842	CASP9	up
DOID:2531	hematologic cancer	847	CAT	up
DOID:2531	hematologic cancer	8642	DCHS1	up
DOID:2531	hematologic cancer	861	RUNX1	up
DOID:2531	hematologic cancer	864	RUNX3	up
DOID:2531	hematologic cancer	863	CBFA2T3	up
DOID:2531	hematologic cancer	8603	FAM193A	up
DOID:2531	hematologic cancer	54708	MARCH5	up
DOID:2531	hematologic cancer	4191	MDH2	down
DOID:2531	hematologic cancer	54732	TMED9	down
DOID:2531	hematologic cancer	4175	MCM6	up
DOID:2531	hematologic cancer	54741	LEPROT	down
DOID:2531	hematologic cancer	4171	MCM2	up
DOID:2531	hematologic cancer	892	CCNC	up
DOID:2531	hematologic cancer	896	CCND3	up
DOID:2531	hematologic cancer	4116	MAGOH	down
DOID:2531	hematologic cancer	5613	PRKX	up
DOID:2531	hematologic cancer	5625	PRODH	down
DOID:2531	hematologic cancer	2355	FOSL2	down
DOID:2531	hematologic cancer	4130	MAP1A	up
DOID:2531	hematologic cancer	54780	NSMCE4A	up
DOID:2531	hematologic cancer	259230	SGMS1	down
DOID:2531	hematologic cancer	4140	MARK3	up
DOID:2531	hematologic cancer	1289	COL5A1	up
DOID:2531	hematologic cancer	8653	DDX3Y	up
DOID:2531	hematologic cancer	130814	PQLC3	down
DOID:2531	hematologic cancer	8665	EIF3F	up
DOID:2531	hematologic cancer	8659	ALDH4A1	down
DOID:2531	hematologic cancer	51734	MSRB1	down
DOID:2531	hematologic cancer	51720	UIMC1	up
DOID:2531	hematologic cancer	5696	PSMB8	up
DOID:2531	hematologic cancer	1236	CCR7	up
DOID:2531	hematologic cancer	5664	PSEN2	down
DOID:2531	hematologic cancer	51742	ARID4B	up
DOID:2531	hematologic cancer	51747	LUC7L3	up
DOID:2531	hematologic cancer	905	CCNT2	up
DOID:2531	hematologic cancer	93210	PGAP3	up
DOID:2531	hematologic cancer	55930	MYO5C	up
DOID:2531	hematologic cancer	8751	ADAM15	down
DOID:2531	hematologic cancer	55906	ZC4H2	up
DOID:2531	hematologic cancer	701	BUB1B	down
DOID:2531	hematologic cancer	705	BYSL	down
DOID:2531	hematologic cancer	8722	CTSF	down
DOID:2531	hematologic cancer	1203	CLN5	down
DOID:2531	hematologic cancer	79001	VKORC1	down
DOID:2531	hematologic cancer	54807	ZNF586	up
DOID:2531	hematologic cancer	2745	GLRX	up
DOID:2531	hematologic cancer	79009	DDX50	up
DOID:2531	hematologic cancer	2760	GM2A	down
DOID:2531	hematologic cancer	54820	NDE1	up
DOID:2531	hematologic cancer	79019	CENPM	down
DOID:2531	hematologic cancer	2778	GNAS	up
DOID:2531	hematologic cancer	79037	PVRIG	up
DOID:2531	hematologic cancer	782	CACNB1	up
DOID:2531	hematologic cancer	79042	TSEN34	down
DOID:2531	hematologic cancer	9833	MELK	down
DOID:2531	hematologic cancer	259266	ASPM	up
DOID:2531	hematologic cancer	54861	SNRK	up
DOID:2531	hematologic cancer	9837	GINS1	down
DOID:2531	hematologic cancer	759	CA1	up
DOID:2531	hematologic cancer	54847	SIDT1	up
DOID:2531	hematologic cancer	9860	LRIG2	up
DOID:2531	hematologic cancer	9858	PPP1R26	down
DOID:2531	hematologic cancer	9886	RHOBTB1	down
DOID:2531	hematologic cancer	9885	OSBPL2	down
DOID:2531	hematologic cancer	9887	SMG7	up
DOID:2531	hematologic cancer	54870	QRICH1	up
DOID:2531	hematologic cancer	54876	DCAF16	up
DOID:2531	hematologic cancer	54878	DPP8	up
DOID:2531	hematologic cancer	56006	SMG9	up
DOID:2531	hematologic cancer	2672	GFI1	up
DOID:2531	hematologic cancer	2662	GDF10	up
DOID:2531	hematologic cancer	5509	PPP1R3D	down
DOID:2531	hematologic cancer	51650	MRPS33	down
DOID:2531	hematologic cancer	51652	CHMP3	down
DOID:2531	hematologic cancer	51659	GINS2	up
DOID:2531	hematologic cancer	5520	PPP2R2A	up
DOID:2531	hematologic cancer	5519	PPP2R1B	up
DOID:2531	hematologic cancer	51643	TMBIM4	down
DOID:2531	hematologic cancer	2689	GH2	up
DOID:2531	hematologic cancer	5527	PPP2R5C	up
DOID:2531	hematologic cancer	1105	CHD1	up
DOID:2531	hematologic cancer	1102	RCBTB2	up
DOID:2531	hematologic cancer	5533	PPP3CC	up
DOID:2531	hematologic cancer	51631	LUC7L2	up
DOID:2531	hematologic cancer	57572	DOCK6	down
DOID:2531	hematologic cancer	5546	PRCC	down
DOID:2531	hematologic cancer	5547	PRCP	up
DOID:2531	hematologic cancer	51616	TAF9B	up
DOID:2531	hematologic cancer	4436	MSH2	down
DOID:2531	hematologic cancer	1117	CHI3L2	up
DOID:2531	hematologic cancer	8776	MTMR1	up
DOID:2531	hematologic cancer	1152	CKB	down
DOID:2531	hematologic cancer	5583	PRKCH	up
DOID:2531	hematologic cancer	5580	PRKCD	down
DOID:2531	hematologic cancer	1139	CHRNA7	down
DOID:2531	hematologic cancer	5589	PRKCSH	down
DOID:2531	hematologic cancer	64374	SIL1	down
DOID:2531	hematologic cancer	55966	AJAP1	up
DOID:2531	hematologic cancer	8883	NAE1	down
DOID:2531	hematologic cancer	8887	TAX1BP1	down
DOID:2531	hematologic cancer	8878	SQSTM1	down
DOID:2531	hematologic cancer	607	BCL9	down
DOID:2531	hematologic cancer	605	BCL7A	up
DOID:2531	hematologic cancer	8874	ARHGEF7	up
DOID:2531	hematologic cancer	26007	DAK	down
DOID:2531	hematologic cancer	8846	ALKBH1	up
DOID:2531	hematologic cancer	93129	ORAI3	up
DOID:2531	hematologic cancer	28966	SNX24	down
DOID:2531	hematologic cancer	54900	LAX1	up
DOID:2531	hematologic cancer	8804	CREG1	down
DOID:2531	hematologic cancer	686	BTD	down
DOID:2531	hematologic cancer	54908	CCDC99	down
DOID:2531	hematologic cancer	9931	HELZ	up
DOID:2531	hematologic cancer	2651	GCNT2	down
DOID:2531	hematologic cancer	79153	GDPD3	up
DOID:2531	hematologic cancer	2625	GATA3	up
DOID:2531	hematologic cancer	56034	PDGFC	down
DOID:2531	hematologic cancer	2628	GATM	up
DOID:2531	hematologic cancer	9903	KLHL21	down
DOID:2531	hematologic cancer	79132	DHX58	down
DOID:2531	hematologic cancer	9969	MED13	up
DOID:2531	hematologic cancer	9968	MED12	up
DOID:2531	hematologic cancer	645	BLVRB	down
DOID:2531	hematologic cancer	54956	PARP16	up
DOID:2531	hematologic cancer	54969	C4orf27	up
DOID:2531	hematologic cancer	9946	CRYZL1	up
DOID:2531	hematologic cancer	667	DST	down
DOID:2531	hematologic cancer	54970	TTC12	down
DOID:2531	hematologic cancer	79172	CENPO	down
DOID:2531	hematologic cancer	54985	HCFC1R1	down
DOID:2531	hematologic cancer	51574	LARP7	up
DOID:2531	hematologic cancer	51564	HDAC7	up
DOID:2531	hematologic cancer	51561	IL23A	up
DOID:2531	hematologic cancer	9985	REC8	up
DOID:2531	hematologic cancer	9987	HNRPDL	up
DOID:2531	hematologic cancer	1075	CTSC	down
DOID:2531	hematologic cancer	9997	SCO2	down
DOID:2531	hematologic cancer	1062	CENPE	down
DOID:2531	hematologic cancer	1058	CENPA	down
DOID:2531	hematologic cancer	9989	PPP4R1	up
DOID:2531	hematologic cancer	4354	MPP1	up
DOID:2531	hematologic cancer	2582	GALE	down
DOID:2531	hematologic cancer	4345	CD200	up
DOID:2531	hematologic cancer	4358	MPV17	down
DOID:2531	hematologic cancer	2547	XRCC6	up
DOID:2531	hematologic cancer	2542	SLC37A4	down
DOID:2531	hematologic cancer	1002	CDH4	up
DOID:2531	hematologic cancer	4311	MME	up
DOID:2531	hematologic cancer	5445	PON2	down
DOID:2531	hematologic cancer	5447	POR	down
DOID:2531	hematologic cancer	5413	SEPT5	down
DOID:2531	hematologic cancer	26063	DECR2	down
DOID:2531	hematologic cancer	57698	KIAA1598	down
DOID:2531	hematologic cancer	51512	GTSE1	up
DOID:2531	hematologic cancer	5431	POLR2B	up
DOID:2531	hematologic cancer	5430	POLR2A	up
DOID:2531	hematologic cancer	57634	EP400	up
DOID:2531	hematologic cancer	1043	CD52	up
DOID:2531	hematologic cancer	8888	MCM3AP	up
DOID:2531	hematologic cancer	1028	CDKN1C	down
DOID:2531	hematologic cancer	1025	CDK9	up
DOID:2531	hematologic cancer	1032	CDKN2D	up
DOID:2531	hematologic cancer	8899	PRPF4B	up
DOID:2531	hematologic cancer	26098	C10orf137	up
DOID:2531	hematologic cancer	5476	CTSA	down
DOID:2531	hematologic cancer	5376	PMP22	down
DOID:2531	hematologic cancer	5361	PLXNA1	down
DOID:2531	hematologic cancer	5360	PLTP	down
DOID:2531	hematologic cancer	7594	ZNF43	up
DOID:2531	hematologic cancer	7584	ZNF35	down
DOID:2531	hematologic cancer	5318	PKP2	down
DOID:2531	hematologic cancer	7572	ZNF24	up
DOID:2531	hematologic cancer	7570	ZNF22	up
DOID:2531	hematologic cancer	6005	RHAG	up
DOID:2531	hematologic cancer	80351	TNKS2	up
DOID:2531	hematologic cancer	6051	RNPEP	down
DOID:2531	hematologic cancer	7535	ZAP70	up
DOID:2531	hematologic cancer	27333	GOLIM4	down
DOID:2531	hematologic cancer	7516	XRCC2	up
DOID:2531	hematologic cancer	7520	XRCC5	up
DOID:2531	hematologic cancer	7528	YY1	up
DOID:2531	hematologic cancer	27300	ZNF544	up
DOID:2531	hematologic cancer	27343	POLL	down
DOID:2531	hematologic cancer	27345	KCNMB4	up
DOID:2531	hematologic cancer	5393	EXOSC9	down
DOID:2531	hematologic cancer	7453	WARS	down
DOID:2531	hematologic cancer	7456	WIPF1	up
DOID:2531	hematologic cancer	7441	VPREB1	up
DOID:2531	hematologic cancer	7444	VRK2	up
DOID:2531	hematologic cancer	7468	WHSC1	up
DOID:2531	hematologic cancer	7466	WFS1	up
DOID:2531	hematologic cancer	80230	RUFY1	up
DOID:2531	hematologic cancer	80264	ZNF430	up
DOID:2531	hematologic cancer	26205	GMEB2	up
DOID:2531	hematologic cancer	7409	VAV1	up
DOID:2531	hematologic cancer	7403	KDM6A	up
DOID:2531	hematologic cancer	7411	VBP1	down
DOID:2531	hematologic cancer	7422	VEGFA	down
DOID:2531	hematologic cancer	26271	FBXO5	down
DOID:2531	hematologic cancer	7431	VIM	up
DOID:2531	hematologic cancer	220134	SKA1	down
DOID:2531	hematologic cancer	27230	SERP1	up
DOID:2531	hematologic cancer	5287	PIK3C2B	up
DOID:2531	hematologic cancer	5291	PIK3CB	down
DOID:2531	hematologic cancer	5294	PIK3CG	up
DOID:2531	hematologic cancer	7326	UBE2G1	down
DOID:2531	hematologic cancer	7329	UBE2I	up
DOID:2531	hematologic cancer	7317	UBA1	up
DOID:2531	hematologic cancer	7322	UBE2D2	up
DOID:2531	hematologic cancer	7323	UBE2D3	up
DOID:2531	hematologic cancer	7398	USP1	down
DOID:2531	hematologic cancer	5116	PCNT	up
DOID:2531	hematologic cancer	5111	PCNA	down
DOID:2531	hematologic cancer	7378	UPP1	down
DOID:2531	hematologic cancer	80196	RNF34	up
DOID:2531	hematologic cancer	6294	SAFB	up
DOID:2531	hematologic cancer	80173	IFT74	down
DOID:2531	hematologic cancer	4023	LPL	up
DOID:2531	hematologic cancer	6282	S100A11	down
DOID:2531	hematologic cancer	80162	ATHL1	up
DOID:2531	hematologic cancer	80169	CTC1	up
DOID:2531	hematologic cancer	4000	LMNA	down
DOID:2531	hematologic cancer	6253	RTN2	down
DOID:2531	hematologic cancer	24140	FTSJ1	down
DOID:2531	hematologic cancer	6241	RRM2	down
DOID:2531	hematologic cancer	6238	RRBP1	down
DOID:2531	hematologic cancer	80110	ZNF614	up
DOID:2531	hematologic cancer	4089	SMAD4	up
DOID:2531	hematologic cancer	4084	MXD1	down
DOID:2531	hematologic cancer	4085	MAD2L1	down
DOID:2531	hematologic cancer	4087	SMAD2	up
DOID:2531	hematologic cancer	4049	LTA	down
DOID:2531	hematologic cancer	4050	LTB	up
DOID:2531	hematologic cancer	4056	LTC4S	down
DOID:2531	hematologic cancer	4063	LY9	up
DOID:2531	hematologic cancer	4065	LY75	up
DOID:2531	hematologic cancer	64781	CERK	up
DOID:2531	hematologic cancer	57007	CXCR7	up
DOID:2531	hematologic cancer	27087	B3GAT1	down
DOID:2531	hematologic cancer	7249	TSC2	up
DOID:2531	hematologic cancer	6191	RPS4X	up
DOID:2531	hematologic cancer	7272	TTK	down
DOID:2531	hematologic cancer	80095	ZNF606	up
DOID:2531	hematologic cancer	5002	SLC22A18	down
DOID:2531	hematologic cancer	7263	TST	down
DOID:2531	hematologic cancer	7298	TYMS	up
DOID:2531	hematologic cancer	6184	RPN1	down
DOID:2531	hematologic cancer	6117	RPA1	up
DOID:2531	hematologic cancer	80005	DOCK5	down
DOID:2531	hematologic cancer	80019	UBTD1	down
DOID:2531	hematologic cancer	80014	WWC2	down
DOID:2531	hematologic cancer	81858	SHARPIN	down
DOID:2531	hematologic cancer	81873	ARPC5L	up
DOID:2531	hematologic cancer	81888	HYI	up
DOID:2531	hematologic cancer	261734	NPHP4	up
DOID:2531	hematologic cancer	57192	MCOLN1	down
DOID:2531	hematologic cancer	5019	OXCT1	up
DOID:2531	hematologic cancer	5029	P2RY2	down
DOID:2531	hematologic cancer	5092	PCBD1	down
DOID:2531	hematologic cancer	57107	PDSS2	down
DOID:2531	hematologic cancer	29916	SNX11	down
DOID:2531	hematologic cancer	29915	HCFC2	up
DOID:2531	hematologic cancer	6484	ST3GAL4	down
DOID:2531	hematologic cancer	29954	POMT2	down
DOID:2531	hematologic cancer	29933	GPR132	down
DOID:2531	hematologic cancer	29926	GMPPA	down
DOID:2531	hematologic cancer	29997	GLTSCR2	up
DOID:2531	hematologic cancer	7994	KAT6A	up
DOID:2531	hematologic cancer	64975	MRPL41	down
DOID:2531	hematologic cancer	64976	MRPL40	down
DOID:2531	hematologic cancer	7982	ST7	down
DOID:2531	hematologic cancer	64921	CASD1	up
DOID:2531	hematologic cancer	64919	BCL11B	up
DOID:2531	hematologic cancer	7915	ALDH5A1	up
DOID:2531	hematologic cancer	7919	DDX39B	up
DOID:2531	hematologic cancer	7917	BAG6	up
DOID:2531	hematologic cancer	51053	GMNN	down
DOID:2531	hematologic cancer	26504	CNNM4	down
DOID:2531	hematologic cancer	6428	SRSF3	up
DOID:2531	hematologic cancer	6427	SRSF2	up
DOID:2531	hematologic cancer	6385	SDC4	down
DOID:2531	hematologic cancer	6391	SDHC	down
DOID:2531	hematologic cancer	6399	TRAPPC2	up
DOID:2531	hematologic cancer	29893	PSMC3IP	down
DOID:2531	hematologic cancer	29890	RBM15B	up
DOID:2531	hematologic cancer	29887	SNX10	down
DOID:2531	hematologic cancer	29888	STRN4	up
DOID:2531	hematologic cancer	89832	CHRFAM7A	down
DOID:2531	hematologic cancer	64895	PAPOLG	up
DOID:2531	hematologic cancer	7852	CXCR4	up
DOID:2531	hematologic cancer	64847	SPATA20	down
DOID:2531	hematologic cancer	64844	MARCH7	up
DOID:2531	hematologic cancer	64863	METTL4	up
DOID:2531	hematologic cancer	64866	CDCP1	down
DOID:2531	hematologic cancer	7874	USP7	up
DOID:2531	hematologic cancer	7855	FZD5	down
DOID:2531	hematologic cancer	6302	TSPAN31	down
DOID:2531	hematologic cancer	6304	SATB1	up
DOID:2531	hematologic cancer	29799	YPEL1	up
DOID:2531	hematologic cancer	58189	WFDC1	down
DOID:2531	hematologic cancer	29761	USP25	up
DOID:2531	hematologic cancer	29760	BLNK	up
DOID:2531	hematologic cancer	7753	ZNF202	up
DOID:2531	hematologic cancer	6613	SUMO2	down
DOID:2531	hematologic cancer	6618	SNAPC2	down
DOID:2531	hematologic cancer	6609	SMPD1	down
DOID:2531	hematologic cancer	6602	SMARCD1	up
DOID:2531	hematologic cancer	6601	SMARCC2	up
DOID:2531	hematologic cancer	7738	ZNF184	down
DOID:2531	hematologic cancer	6605	SMARCE1	up
DOID:2531	hematologic cancer	7730	ZNF177	up
DOID:2531	hematologic cancer	113612	CYP2U1	down
DOID:2531	hematologic cancer	7764	ZNF217	down
DOID:2531	hematologic cancer	26750	RPS6KC1	down
DOID:2531	hematologic cancer	6695	SPOCK1	down
DOID:2531	hematologic cancer	6671	SP4	up
DOID:2531	hematologic cancer	6651	SON	up
DOID:2531	hematologic cancer	6638	SNRPN	up
DOID:2531	hematologic cancer	6641	SNTB1	down
DOID:2531	hematologic cancer	6628	SNRPB	down
DOID:2531	hematologic cancer	112479	ERI2	up
DOID:2531	hematologic cancer	6597	SMARCA4	up
DOID:2531	hematologic cancer	53838	C11orf24	down
DOID:2531	hematologic cancer	206358	SLC36A1	down
DOID:2531	hematologic cancer	171023	ASXL1	up
DOID:2531	hematologic cancer	7626	ZNF75D	up
DOID:2531	hematologic cancer	1994	ELAVL1	up
DOID:2531	hematologic cancer	7644	ZNF91	up
DOID:2531	hematologic cancer	167227	DCP2	up
DOID:2531	hematologic cancer	6585	SLIT1	up
DOID:2531	hematologic cancer	6504	SLAMF1	up
DOID:2531	hematologic cancer	1962	EHHADH	down
DOID:2531	hematologic cancer	6526	SLC5A3	up
